Original Name                 Standardized Name

    Bach,   Johann    S.      Mr. Johann S. Bach
Curie,     Marie A.           Mrs. Marie A. Curie
 Parker, Alice   M.           Ms. Alice M. Parker
       Meir,Golda T.          Ms. Golda T. Meir
Robeson, Paul                 Mr. Paul Robeson
         Ashe,    Arthur      Mr. Arthur Ashe
  Tubman, Harriet          A. Mrs. Harriet A. Tubman
Braille,Louis                 Mr. Louis Braille
